<?xml version="1.0" encoding="UTF-8"?>
<project-private xmlns="http://www.netbeans.org/ns/project-private/1">
    <editor-bookmarks xmlns="http://www.netbeans.org/ns/editor-bookmarks/2" lastBookmarkId="0"/>
    <open-files xmlns="http://www.netbeans.org/ns/projectui-open-files/2">
        <group>
            <file>file:/C:/Users/Calfún/Desktop/Ejercicios/src/ejercicios/JCalculadora.java</file>
            <file>file:/C:/Users/Calfún/Desktop/Ejercicios/src/ejercicios/MenuPrincipal.java</file>
            <file>file:/C:/Users/Calfún/Desktop/Ejercicios/src/ejercicios/JPromedios.java</file>
            <file>file:/C:/Users/Calfún/Desktop/Ejercicios/src/ejercicios/Contador.java</file>
            <file>file:/C:/Users/Calfún/Desktop/Ejercicios/src/ejercicios/Ejercicios.java</file>
            <file>file:/C:/Users/Calfún/Desktop/Ejercicios/src/ejercicios/AccesoUsuario.java</file>
        </group>
    </open-files>
</project-private>
